<?xml version="1.0" encoding="UTF-8" standalone="yes"?>
<addon id="script.module.peewee" name="Peewee" version="3.15.4" provider-name="groggyegg">
    <extension point="xbmc.python.module" library="."/>
    <extension point="xbmc.addon.metadata">
        <description lang="en_GB">Peewee is a simple and small ORM. It has few (but expressive) concepts, making it easy to learn and intuitive to use.</description>
        <platform>all</platform>
        <license>MIT License</license>
        <source>https://github.com/groggyegg/script.module.peewee</source>
        <assets>
            <icon>docs/peewee3-logo.png</icon>
        </assets>
    </extension>
</addon>